{
 "K": [
  [
   796.2101659092747,
   0.0,
   300.0240171161201
  ],
  [
   0.0,
   801.9198844706577,
   523.0543377982291
  ],
  [
   0.0,
   0.0,
   1.0
  ]
 ],
 "d": 2,
 "h": 1,
 "tilt": 0,
 "pan": 5
}
