{
 "K": [
  [
   801.172602903097,
   0.0,
   267.64959672670125
  ],
  [
   0.0,
   802.634214140162,
   528.1934733846236
  ],
  [
   0.0,
   0.0,
   1.0
  ]
 ],
 "d": 3,
 "h": 2,
 "tilt": 30,
 "pan": 0
}