{
 "K": [
  [
   801.172602903097,
   0.0,
   267.64959672670125
  ],
  [
   0.0,
   802.634214140162,
   528.1934733846236
  ],
  [
   0.0,
   0.0,
   1.0
  ]
 ],
 "distortion": [
  [
   0.269888055925955,
   -3.7527787107189923,
   -0.019731939683556948,
   -0.016370280130259953,
   11.499854809427246
  ]
 ]
}