{
 "K": [
  [
   744.1200333334743,
   0.0,
   320.06080579213
  ],
  [
   0.0,
   746.521657476654,
   185.52355798140164
  ],
  [
   0.0,
   0.0,
   1.0
  ]
 ],
 "distortion": [
  [
   0.16448431523392767,
   -0.9229221561181861,
   -0.0011606331375490866,
   -0.00950071070350311,
   3.7106713723542653
  ]
 ]
}